{"cameraMode":{"drawMode":0,"name":"Shaded","section":"Shading Mode"},"sceneLighting":false,"audioPlay":false,"sceneViewState":{"showFog":true,"showMaterialUpdate":false,"showSkybox":true,"showFlares":true,"showImageEffects":true,"showParticleSystems":true},"in2DMode":false,"pivot":{"x":-18.721899032592775,"y":1.639150619506836,"z":0.48481321334838869},"rotation":{"x":-0.30704426765441897,"y":-0.4940384328365326,"z":0.19190379977226258,"w":-0.7904573678970337},"size":22.388538360595704,"orthographic":false}