{"cameraMode":{"drawMode":0,"name":"Shaded","section":"Shading Mode"},"sceneLighting":false,"audioPlay":false,"sceneViewState":{"showFog":true,"showMaterialUpdate":false,"showSkybox":true,"showFlares":true,"showImageEffects":true,"showParticleSystems":true},"in2DMode":false,"pivot":{"x":2.009999990463257,"y":2.2009010314941408,"z":33.31850051879883},"rotation":{"x":-0.6849215626716614,"y":0.002402837621048093,"z":-0.002258515916764736,"w":-0.7286093831062317},"size":0.5715736150741577,"orthographic":false}