{"cameraMode":{"drawMode":0,"name":"Shaded","section":"Shading Mode"},"sceneLighting":false,"audioPlay":false,"sceneViewState":{"showFog":true,"showMaterialUpdate":false,"showSkybox":true,"showFlares":true,"showImageEffects":true,"showParticleSystems":true},"in2DMode":false,"pivot":{"x":1.5562453269958497,"y":0.6800000071525574,"z":1.7200000286102296},"rotation":{"x":-0.17229022085666657,"y":0.7749151587486267,"z":-0.23869925737380982,"w":-0.5593258142471314},"size":0.5715768933296204,"orthographic":false}