{"cameraMode":{"drawMode":0,"name":"Shaded","section":"Shading Mode"},"sceneLighting":false,"audioPlay":false,"sceneViewState":{"showFog":true,"showMaterialUpdate":false,"showSkybox":true,"showFlares":true,"showImageEffects":true,"showParticleSystems":true},"in2DMode":false,"pivot":{"x":-8.787160873413086,"y":0.9122676849365234,"z":-1.3713511228561402},"rotation":{"x":-0.30704426765441897,"y":-0.4940384328365326,"z":0.19190379977226258,"w":-0.7904573678970337},"size":3.746901273727417,"orthographic":false}