{"cameraMode":{"drawMode":0,"name":"Shaded","section":"Shading Mode"},"sceneLighting":false,"audioPlay":false,"sceneViewState":{"showFog":true,"showMaterialUpdate":false,"showSkybox":true,"showFlares":true,"showImageEffects":true,"showParticleSystems":true},"in2DMode":false,"pivot":{"x":0.0025627538561820986,"y":0.005125641822814941,"z":2.9802322387695315e-8},"rotation":{"x":-0.36136719584465029,"y":0.17142662405967713,"z":-0.06777505576610565,"w":-0.9140204191207886},"size":1.45664644241333,"orthographic":false}