{"cameraMode":{"drawMode":0,"name":"Shaded","section":"Shading Mode"},"sceneLighting":false,"audioPlay":false,"sceneViewState":{"showFog":true,"showMaterialUpdate":false,"showSkybox":true,"showFlares":true,"showImageEffects":true,"showParticleSystems":true},"in2DMode":false,"pivot":{"x":-9.917704582214356,"y":3.3314380645751955,"z":0.0},"rotation":{"x":0.013494692742824555,"y":-0.026096295565366746,"z":-0.00035226286854594946,"w":-0.9995682835578919},"size":14.251112937927246,"orthographic":false}