{"cameraMode":{"drawMode":0,"name":"Shaded","section":"Shading Mode"},"sceneLighting":false,"audioPlay":false,"sceneViewState":{"showFog":true,"showMaterialUpdate":false,"showSkybox":true,"showFlares":true,"showImageEffects":true,"showParticleSystems":true},"in2DMode":false,"pivot":{"x":0.0015195608139038087,"y":0.5023552775382996,"z":-0.0026711225509643556},"rotation":{"x":-0.19613829255104066,"y":0.7867255210876465,"z":-0.3113216757774353,"w":-0.4956526458263397},"size":2.8607242107391359,"orthographic":false}