{"cameraMode":{"drawMode":0,"name":"Shaded","section":"Shading Mode"},"sceneLighting":false,"audioPlay":false,"sceneViewState":{"showFog":true,"showMaterialUpdate":false,"showSkybox":true,"showFlares":true,"showImageEffects":true,"showParticleSystems":true},"in2DMode":false,"pivot":{"x":-11.040750503540039,"y":0.8180111646652222,"z":-0.15586698055267335},"rotation":{"x":-0.30704426765441897,"y":-0.4940384328365326,"z":0.19190379977226258,"w":-0.7904573678970337},"size":4.091896057128906,"orthographic":false}