{"cameraMode":{"drawMode":0,"name":"Shaded","section":"Shading Mode"},"sceneLighting":false,"audioPlay":false,"sceneViewState":{"showFog":true,"showMaterialUpdate":false,"showSkybox":true,"showFlares":true,"showImageEffects":true,"showParticleSystems":true},"in2DMode":false,"pivot":{"x":541.4346923828125,"y":245.40623474121095,"z":-1.0306566953659058},"rotation":{"x":-0.05393409729003906,"y":0.03833303973078728,"z":-0.00207179575227201,"w":-0.9978063106536865},"size":1963.8515625,"orthographic":false}