{"cameraMode":{"drawMode":0,"name":"Shaded","section":"Shading Mode"},"sceneLighting":false,"audioPlay":false,"sceneViewState":{"showFog":true,"showMaterialUpdate":false,"showSkybox":true,"showFlares":true,"showImageEffects":true,"showParticleSystems":true},"in2DMode":false,"pivot":{"x":0.6949999928474426,"y":6.080999851226807,"z":8.281000137329102},"rotation":{"x":-0.17229022085666657,"y":0.7749151587486267,"z":-0.23869925737380982,"w":-0.5593258142471314},"size":0.5715773701667786,"orthographic":false}