{"cameraMode":{"drawMode":0,"name":"Shaded","section":"Shading Mode"},"sceneLighting":false,"audioPlay":false,"sceneViewState":{"showFog":true,"showMaterialUpdate":false,"showSkybox":true,"showFlares":true,"showImageEffects":true,"showParticleSystems":true},"in2DMode":false,"pivot":{"x":3.5329065322875978,"y":3.009999990463257,"z":1.010316014289856},"rotation":{"x":-0.17229022085666657,"y":0.7749151587486267,"z":-0.23869925737380982,"w":-0.5593258142471314},"size":2.8578836917877199,"orthographic":false}