{"cameraMode":{"drawMode":0,"name":"Shaded","section":"Shading Mode"},"sceneLighting":false,"audioPlay":false,"sceneViewState":{"showFog":true,"showMaterialUpdate":false,"showSkybox":true,"showFlares":true,"showImageEffects":true,"showParticleSystems":true},"in2DMode":false,"pivot":{"x":-10.128938674926758,"y":1.0149132013320923,"z":0.9431635141372681},"rotation":{"x":-0.30704426765441897,"y":-0.4940384328365326,"z":0.19190379977226258,"w":-0.7904573678970337},"size":8.50687313079834,"orthographic":false}